       25000000;    9.908440113e-01;   -1.198120266e-01;    3.589611442e-04;    4.581707763e-04;    0.000000000e+00;    0.000000000e+00;    0.000000000e+00;    0.000000000e+00
       26125000;    9.902879000e-01;   -1.250013858e-01;    2.395872289e-04;   -6.322447007e-06;    0.000000000e+00;    0.000000000e+00;    0.000000000e+00;    0.000000000e+00
       27250000;    9.896783233e-01;   -1.303570569e-01;    1.275287832e-05;    1.478987397e-04;    0.000000000e+00;    0.000000000e+00;    0.000000000e+00;    0.000000000e+00
       28375000;    9.887996912e-01;   -1.358200908e-01;   -4.328179421e-05;    3.635933535e-05;    0.000000000e+00;    0.000000000e+00;    0.000000000e+00;    0.000000000e+00
       29500000;    9.880998135e-01;   -1.412357539e-01;   -2.768135164e-05;   -3.153890430e-05;    0.000000000e+00;    0.000000000e+00;    0.000000000e+00;    0.000000000e+00
       30625000;    9.872989058e-01;   -1.467217654e-01;    2.408946057e-05;   -2.246474196e-06;    0.000000000e+00;    0.000000000e+00;    0.000000000e+00;    0.000000000e+00
       31750000;    9.864225388e-01;   -1.520011276e-01;   -3.747375740e-05;    8.373081982e-06;    0.000000000e+00;    0.000000000e+00;    0.000000000e+00;    0.000000000e+00
       32875000;    9.856213331e-01;   -1.574315578e-01;   -2.657657387e-05;   -3.959724199e-05;    0.000000000e+00;    0.000000000e+00;    0.000000000e+00;    0.000000000e+00
       34000000;    9.845928550e-01;   -1.629940271e-01;    3.711206955e-05;   -1.317210717e-05;    0.000000000e+00;    0.000000000e+00;    0.000000000e+00;    0.000000000e+00
       35125000;    9.839408994e-01;   -1.683469117e-01;    4.707510016e-05;    6.608082913e-06;    0.000000000e+00;    0.000000000e+00;    0.000000000e+00;    0.000000000e+00
       36250000;    9.829142690e-01;   -1.739054322e-01;   -2.136521653e-05;    5.616612725e-06;    0.000000000e+00;    0.000000000e+00;    0.000000000e+00;    0.000000000e+00
       37375000;    9.819404483e-01;   -1.795343459e-01;    5.638316361e-05;    8.206613529e-06;    0.000000000e+00;    0.000000000e+00;    0.000000000e+00;    0.000000000e+00
       38500000;    9.807915688e-01;   -1.850673854e-01;   -1.351083938e-06;    3.126572847e-05;    0.000000000e+00;    0.000000000e+00;    0.000000000e+00;    0.000000000e+00
       39625000;    9.796386361e-01;   -1.905651093e-01;   -2.306373062e-06;    1.784933374e-05;    0.000000000e+00;    0.000000000e+00;    0.000000000e+00;    0.000000000e+00
       40750000;    9.786196947e-01;   -1.960508674e-01;    5.625265112e-05;   -1.711717778e-05;    0.000000000e+00;    0.000000000e+00;    0.000000000e+00;    0.000000000e+00
       41875000;    9.774283767e-01;   -2.013537139e-01;   -3.580034536e-05;   -3.888853826e-07;    0.000000000e+00;    0.000000000e+00;    0.000000000e+00;    0.000000000e+00
       43000000;    9.762856960e-01;   -2.070845217e-01;   -1.745214649e-05;   -2.012125333e-05;    0.000000000e+00;    0.000000000e+00;    0.000000000e+00;    0.000000000e+00
       44125000;    9.750302434e-01;   -2.126579434e-01;   -3.887372077e-05;   -1.330366285e-05;    0.000000000e+00;    0.000000000e+00;    0.000000000e+00;    0.000000000e+00
       45250000;    9.738348722e-01;   -2.180725634e-01;   -3.402830043e-05;   -5.056196096e-05;    0.000000000e+00;    0.000000000e+00;    0.000000000e+00;    0.000000000e+00
       46375000;    9.724666476e-01;   -2.238803357e-01;    2.720372686e-05;   -2.633810436e-05;    0.000000000e+00;    0.000000000e+00;    0.000000000e+00;    0.000000000e+00
       47500000;    9.711342454e-01;   -2.293014973e-01;   -4.838359382e-05;    6.356165250e-05;    0.000000000e+00;    0.000000000e+00;    0.000000000e+00;    0.000000000e+00
       48625000;    9.699757099e-01;   -2.348947227e-01;   -1.879688716e-05;    3.763630230e-05;    0.000000000e+00;    0.000000000e+00;    0.000000000e+00;    0.000000000e+00
       49750000;    9.685090184e-01;   -2.406424284e-01;   -1.983261609e-05;    6.326875882e-05;    0.000000000e+00;    0.000000000e+00;    0.000000000e+00;    0.000000000e+00
       50875000;    9.669702053e-01;   -2.463474572e-01;    5.098137990e-05;    1.934128704e-05;    0.000000000e+00;    0.000000000e+00;    0.000000000e+00;    0.000000000e+00
       52000000;    9.650155306e-01;   -2.515500784e-01;    3.700959132e-05;    3.579712939e-05;    0.000000000e+00;    0.000000000e+00;    0.000000000e+00;    0.000000000e+00
       53125000;    9.641423821e-01;   -2.579756677e-01;   -1.141668690e-05;    1.536814489e-05;    0.000000000e+00;    0.000000000e+00;    0.000000000e+00;    0.000000000e+00
       54250000;    9.623270035e-01;   -2.635056078e-01;   -3.934776032e-06;    4.250749407e-05;    0.000000000e+00;    0.000000000e+00;    0.000000000e+00;    0.000000000e+00
       55375000;    9.606885314e-01;   -2.691787481e-01;   -5.226996655e-05;   -2.225187563e-05;    0.000000000e+00;    0.000000000e+00;    0.000000000e+00;    0.000000000e+00
       56500000;    9.589547515e-01;   -2.747130990e-01;   -4.593822814e-05;   -5.734316437e-05;    0.000000000e+00;    0.000000000e+00;    0.000000000e+00;    0.000000000e+00
       57625000;    9.574573636e-01;   -2.802709639e-01;    3.104874486e-05;   -4.944156535e-05;    0.000000000e+00;    0.000000000e+00;    0.000000000e+00;    0.000000000e+00
       58750000;    9.558602571e-01;   -2.862125039e-01;   -7.071839718e-06;   -3.841381113e-05;    0.000000000e+00;    0.000000000e+00;    0.000000000e+00;    0.000000000e+00
       59875000;    9.539930224e-01;   -2.919885218e-01;    9.213785233e-06;   -6.865784235e-05;    0.000000000e+00;    0.000000000e+00;    0.000000000e+00;    0.000000000e+00
       61000000;    9.520298243e-01;   -2.977344692e-01;    2.539584602e-05;    9.446915647e-05;    0.000000000e+00;    0.000000000e+00;    0.000000000e+00;    0.000000000e+00
       62125000;    9.501668811e-01;   -3.036630154e-01;   -3.529216337e-05;   -2.514775406e-05;    0.000000000e+00;    0.000000000e+00;    0.000000000e+00;    0.000000000e+00
       63250000;    9.482917190e-01;   -3.095773757e-01;    2.280484841e-05;   -2.231941471e-05;    0.000000000e+00;    0.000000000e+00;    0.000000000e+00;    0.000000000e+00
       64375000;    9.462208152e-01;   -3.153789937e-01;    3.782173735e-05;   -4.149463712e-05;    0.000000000e+00;    0.000000000e+00;    0.000000000e+00;    0.000000000e+00
       65500000;    9.442373514e-01;   -3.213079870e-01;    3.637097325e-05;   -4.448803884e-05;    0.000000000e+00;    0.000000000e+00;    0.000000000e+00;    0.000000000e+00
       66625000;    9.422418475e-01;   -3.272093236e-01;   -1.176567730e-05;   -2.722942372e-05;    0.000000000e+00;    0.000000000e+00;    0.000000000e+00;    0.000000000e+00
       67750000;    9.399933815e-01;   -3.332995772e-01;    2.791139923e-05;   -1.478395643e-05;    0.000000000e+00;    0.000000000e+00;    0.000000000e+00;    0.000000000e+00
       68875000;    9.379297495e-01;   -3.392402530e-01;    9.325407518e-06;    2.103724364e-05;    0.000000000e+00;    0.000000000e+00;    0.000000000e+00;    0.000000000e+00
       70000000;    9.355413914e-01;   -3.453927338e-01;    8.009864359e-06;    2.840782508e-05;    0.000000000e+00;    0.000000000e+00;    0.000000000e+00;    0.000000000e+00
       71125000;    9.334191680e-01;   -3.514661491e-01;    6.800217761e-06;   -1.427222560e-05;    0.000000000e+00;    0.000000000e+00;    0.000000000e+00;    0.000000000e+00
       72250000;    9.311358929e-01;   -3.576063216e-01;   -1.206779598e-05;   -4.723845632e-05;    0.000000000e+00;    0.000000000e+00;    0.000000000e+00;    0.000000000e+00
       73375000;    9.285340309e-01;   -3.640265763e-01;    1.329844781e-05;   -1.130838700e-05;    0.000000000e+00;    0.000000000e+00;    0.000000000e+00;    0.000000000e+00
       74500000;    9.259926081e-01;   -3.703233600e-01;    6.814459539e-06;    1.764487024e-05;    0.000000000e+00;    0.000000000e+00;    0.000000000e+00;    0.000000000e+00
       75625000;    9.233319759e-01;   -3.765217364e-01;   -1.559499833e-05;   -2.015865721e-05;    0.000000000e+00;    0.000000000e+00;    0.000000000e+00;    0.000000000e+00
       76750000;    9.204710722e-01;   -3.828025460e-01;    2.377201236e-05;   -4.766121128e-05;    0.000000000e+00;    0.000000000e+00;    0.000000000e+00;    0.000000000e+00
       77875000;    9.175992608e-01;   -3.889037371e-01;    2.638032311e-05;   -8.170462934e-06;    0.000000000e+00;    0.000000000e+00;    0.000000000e+00;    0.000000000e+00
       79000000;    9.146801233e-01;   -3.952600956e-01;    2.699077231e-05;    2.739838237e-06;    0.000000000e+00;    0.000000000e+00;    0.000000000e+00;    0.000000000e+00
       80125000;    9.117194414e-01;   -4.016140699e-01;   -2.771153049e-06;   -2.036427031e-05;    0.000000000e+00;    0.000000000e+00;    0.000000000e+00;    0.000000000e+00
       81250000;    9.086932540e-01;   -4.079709053e-01;   -2.644416418e-05;   -6.047391798e-05;    0.000000000e+00;    0.000000000e+00;    0.000000000e+00;    0.000000000e+00
       82375000;    9.055281878e-01;   -4.142041802e-01;    2.497386959e-05;   -1.215964039e-05;    0.000000000e+00;    0.000000000e+00;    0.000000000e+00;    0.000000000e+00
       83500000;    9.023979902e-01;   -4.206420779e-01;    8.895162864e-06;    2.501990457e-05;    0.000000000e+00;    0.000000000e+00;    0.000000000e+00;    0.000000000e+00
       84625000;    8.992353082e-01;   -4.272423983e-01;    8.284647265e-06;    1.027062990e-05;    0.000000000e+00;    0.000000000e+00;    0.000000000e+00;    0.000000000e+00
       85750000;    8.960742950e-01;   -4.337453842e-01;    2.984161620e-05;   -5.884908751e-05;    0.000000000e+00;    0.000000000e+00;    0.000000000e+00;    0.000000000e+00
       86875000;    8.924785852e-01;   -4.405499399e-01;    5.756096652e-05;   -1.244848681e-05;    0.000000000e+00;    0.000000000e+00;    0.000000000e+00;    0.000000000e+00
       88000000;    8.889499903e-01;   -4.473858476e-01;   -1.596796392e-05;   -3.438774729e-05;    0.000000000e+00;    0.000000000e+00;    0.000000000e+00;    0.000000000e+00
       89125000;    8.849899173e-01;   -4.542763531e-01;   -6.914090773e-05;   -3.743238267e-05;    0.000000000e+00;    0.000000000e+00;    0.000000000e+00;    0.000000000e+00
       90250000;    8.812550306e-01;   -4.613266587e-01;   -1.317695023e-05;    2.469469291e-05;    0.000000000e+00;    0.000000000e+00;    0.000000000e+00;    0.000000000e+00
       91375000;    8.774613142e-01;   -4.684728980e-01;    3.588576146e-05;    3.342133277e-05;    0.000000000e+00;    0.000000000e+00;    0.000000000e+00;    0.000000000e+00
       92500000;    8.730381727e-01;   -4.758830369e-01;   -9.661643162e-06;   -2.659174061e-05;    0.000000000e+00;    0.000000000e+00;    0.000000000e+00;    0.000000000e+00
       93625000;    8.690322042e-01;   -4.832194149e-01;   -1.139631422e-06;   -4.297248233e-05;    0.000000000e+00;    0.000000000e+00;    0.000000000e+00;    0.000000000e+00
       94750000;    8.645998240e-01;   -4.905243516e-01;   -3.705762356e-05;    5.602983947e-05;    0.000000000e+00;    0.000000000e+00;    0.000000000e+00;    0.000000000e+00
       95875000;    8.600757122e-01;   -4.979485869e-01;    1.857133611e-06;   -4.434039511e-05;    0.000000000e+00;    0.000000000e+00;    0.000000000e+00;    0.000000000e+00
       97000000;    8.553084135e-01;   -5.056488514e-01;   -1.678468834e-05;    2.125216270e-07;    0.000000000e+00;    0.000000000e+00;    0.000000000e+00;    0.000000000e+00
       98125000;    8.504349589e-01;   -5.134236217e-01;   -2.210130333e-06;    5.301535566e-05;    0.000000000e+00;    0.000000000e+00;    0.000000000e+00;    0.000000000e+00
       99250000;    8.452888727e-01;   -5.212762356e-01;   -1.461285046e-05;    1.288255135e-05;    0.000000000e+00;    0.000000000e+00;    0.000000000e+00;    0.000000000e+00
      100375000;    8.399454355e-01;   -5.293247700e-01;   -4.614824502e-05;   -1.856926610e-05;    0.000000000e+00;    0.000000000e+00;    0.000000000e+00;    0.000000000e+00
      101500000;    8.344330192e-01;   -5.373761058e-01;   -1.441969835e-05;    8.901097317e-07;    0.000000000e+00;    0.000000000e+00;    0.000000000e+00;    0.000000000e+00
      102625000;    8.286856413e-01;   -5.456017256e-01;    4.078551865e-05;    8.200004231e-08;    0.000000000e+00;    0.000000000e+00;    0.000000000e+00;    0.000000000e+00
      103750000;    8.225417137e-01;   -5.538315177e-01;    5.223554035e-05;   -7.159776942e-06;    0.000000000e+00;    0.000000000e+00;    0.000000000e+00;    0.000000000e+00
      104875000;    8.161013722e-01;   -5.623797178e-01;    2.574891187e-05;   -5.366752157e-05;    0.000000000e+00;    0.000000000e+00;    0.000000000e+00;    0.000000000e+00
      106000000;    8.094428182e-01;   -5.710599422e-01;   -1.452844572e-05;    3.171945355e-05;    0.000000000e+00;    0.000000000e+00;    0.000000000e+00;    0.000000000e+00
      107125000;    8.026635647e-01;   -5.796625018e-01;   -6.706627028e-05;    4.161570905e-05;    0.000000000e+00;    0.000000000e+00;    0.000000000e+00;    0.000000000e+00
      108250000;    7.953456044e-01;   -5.886483788e-01;    2.851876889e-05;   -5.759682972e-05;    0.000000000e+00;    0.000000000e+00;    0.000000000e+00;    0.000000000e+00
      109375000;    7.877563834e-01;   -5.979264379e-01;    4.090616130e-06;   -5.645134297e-05;    0.000000000e+00;    0.000000000e+00;    0.000000000e+00;    0.000000000e+00
      110500000;    7.795959115e-01;   -6.075959802e-01;   -7.774081496e-06;    1.295879702e-05;    0.000000000e+00;    0.000000000e+00;    0.000000000e+00;    0.000000000e+00
      111625000;    7.710011601e-01;   -6.178512573e-01;    2.141341974e-05;   -1.250444911e-04;    0.000000000e+00;    0.000000000e+00;    0.000000000e+00;    0.000000000e+00
      112750000;    7.616138458e-01;   -6.278500557e-01;   -1.609990431e-05;   -5.485261499e-05;    0.000000000e+00;    0.000000000e+00;    0.000000000e+00;    0.000000000e+00
      113875000;    7.514066696e-01;   -6.384115219e-01;   -1.632609201e-05;    1.545664782e-05;    0.000000000e+00;    0.000000000e+00;    0.000000000e+00;    0.000000000e+00
      115000000;    7.405044436e-01;   -6.489406228e-01;    2.260745896e-05;    2.378066165e-05;    0.000000000e+00;    0.000000000e+00;    0.000000000e+00;    0.000000000e+00
      116125000;    7.288624644e-01;   -6.597086787e-01;    7.413538697e-06;   -8.286319644e-05;    0.000000000e+00;    0.000000000e+00;    0.000000000e+00;    0.000000000e+00
      117250000;    7.164732218e-01;   -6.709309816e-01;   -1.545913256e-05;   -2.743863297e-05;    0.000000000e+00;    0.000000000e+00;    0.000000000e+00;    0.000000000e+00
      118375000;    7.029452920e-01;   -6.821430922e-01;   -1.551787864e-05;   -1.290362707e-05;    0.000000000e+00;    0.000000000e+00;    0.000000000e+00;    0.000000000e+00
      119500000;    6.884120107e-01;   -6.937572956e-01;   -3.169311458e-05;   -1.446118695e-04;    0.000000000e+00;    0.000000000e+00;    0.000000000e+00;    0.000000000e+00
      120625000;    6.733958125e-01;   -7.057195306e-01;   -2.329448216e-05;   -3.787836613e-05;    0.000000000e+00;    0.000000000e+00;    0.000000000e+00;    0.000000000e+00
      121750000;    6.543866992e-01;   -7.179707289e-01;    8.943567082e-06;   -8.685378998e-05;    0.000000000e+00;    0.000000000e+00;    0.000000000e+00;    0.000000000e+00
      122875000;    6.361281276e-01;   -7.312172651e-01;   -2.106035390e-05;   -3.640445721e-05;    0.000000000e+00;    0.000000000e+00;    0.000000000e+00;    0.000000000e+00
      124000000;    6.146802306e-01;   -7.446587086e-01;   -1.221849743e-05;   -8.326526586e-05;    0.000000000e+00;    0.000000000e+00;    0.000000000e+00;    0.000000000e+00
      125125000;    5.892474055e-01;   -7.555269003e-01;   -2.922310887e-05;   -8.733106370e-05;    0.000000000e+00;    0.000000000e+00;    0.000000000e+00;    0.000000000e+00
      126250000;    5.617232323e-01;   -7.684133053e-01;   -2.883152411e-05;   -5.964518277e-05;    0.000000000e+00;    0.000000000e+00;    0.000000000e+00;    0.000000000e+00
      127375000;    5.307212472e-01;   -7.804399729e-01;    1.124953997e-05;   -8.617431013e-05;    0.000000000e+00;    0.000000000e+00;    0.000000000e+00;    0.000000000e+00
      128500000;    4.948733151e-01;   -7.916302085e-01;   -6.555459549e-06;   -7.642815035e-05;    0.000000000e+00;    0.000000000e+00;    0.000000000e+00;    0.000000000e+00
      129625000;    4.523017108e-01;   -8.017207980e-01;    8.139682905e-06;   -8.049207099e-05;    0.000000000e+00;    0.000000000e+00;    0.000000000e+00;    0.000000000e+00
      130750000;    4.037384987e-01;   -8.046627045e-01;   -5.133509694e-05;   -8.816520858e-05;    0.000000000e+00;    0.000000000e+00;    0.000000000e+00;    0.000000000e+00
      131875000;    3.478583694e-01;   -7.991165519e-01;   -1.957781569e-05;   -1.153798148e-04;    0.000000000e+00;    0.000000000e+00;    0.000000000e+00;    0.000000000e+00
      133000000;    2.904474139e-01;   -7.857726216e-01;   -5.185233385e-05;   -8.208138024e-05;    0.000000000e+00;    0.000000000e+00;    0.000000000e+00;    0.000000000e+00
      134125000;    2.311056852e-01;   -7.577638626e-01;   -4.346144851e-05;   -7.246718451e-05;    0.000000000e+00;    0.000000000e+00;    0.000000000e+00;    0.000000000e+00
      135250000;    1.748316437e-01;   -7.118526101e-01;   -8.528816397e-05;   -7.510823343e-05;    0.000000000e+00;    0.000000000e+00;    0.000000000e+00;    0.000000000e+00
      136375000;    1.352507472e-01;   -6.526867151e-01;   -5.528550901e-05;   -9.283488907e-05;    0.000000000e+00;    0.000000000e+00;    0.000000000e+00;    0.000000000e+00
      137500000;    1.183955148e-01;   -5.939435959e-01;   -9.577773744e-05;   -1.130125747e-04;    0.000000000e+00;    0.000000000e+00;    0.000000000e+00;    0.000000000e+00
      138625000;    1.124707386e-01;   -5.503971577e-01;   -8.047123265e-05;   -7.827592344e-05;    0.000000000e+00;    0.000000000e+00;    0.000000000e+00;    0.000000000e+00
      139750000;    1.029642820e-01;   -5.222443342e-01;   -8.551793871e-05;   -1.199897015e-04;    0.000000000e+00;    0.000000000e+00;    0.000000000e+00;    0.000000000e+00
      140875000;    7.427208126e-02;   -4.978167713e-01;   -1.092935927e-04;   -8.993202209e-05;    0.000000000e+00;    0.000000000e+00;    0.000000000e+00;    0.000000000e+00
      142000000;    2.966007777e-02;   -4.553188086e-01;   -1.535176125e-04;   -1.257414697e-04;    0.000000000e+00;    0.000000000e+00;    0.000000000e+00;    0.000000000e+00
      143125000;   -1.499730535e-02;   -3.918615580e-01;   -1.570494205e-04;   -7.685781748e-05;    0.000000000e+00;    0.000000000e+00;    0.000000000e+00;    0.000000000e+00
      144250000;   -5.637539923e-02;   -3.036235273e-01;   -1.722460584e-04;   -7.602041296e-05;    0.000000000e+00;    0.000000000e+00;    0.000000000e+00;    0.000000000e+00
      145375000;   -7.885142416e-02;   -1.872141510e-01;   -1.900193747e-04;    7.493908925e-06;    0.000000000e+00;    0.000000000e+00;    0.000000000e+00;    0.000000000e+00
      146500000;   -6.242539734e-02;   -4.443018883e-02;   -1.808820380e-04;    7.604553684e-05;    0.000000000e+00;    0.000000000e+00;    0.000000000e+00;    0.000000000e+00
      147625000;    1.168584451e-02;    9.850479662e-02;   -1.697373227e-04;    1.090545557e-04;    0.000000000e+00;    0.000000000e+00;    0.000000000e+00;    0.000000000e+00
      148750000;    1.399964541e-01;    2.093323320e-01;   -1.190518014e-04;    1.065342076e-04;    0.000000000e+00;    0.000000000e+00;    0.000000000e+00;    0.000000000e+00
      149875000;    2.934758663e-01;    2.636106610e-01;   -9.106830112e-05;    2.000397217e-04;    0.000000000e+00;    0.000000000e+00;    0.000000000e+00;    0.000000000e+00
      151000000;    4.436470866e-01;    2.601043284e-01;   -2.460987162e-05;    2.104626183e-04;    0.000000000e+00;    0.000000000e+00;    0.000000000e+00;    0.000000000e+00
      152125000;    5.664312243e-01;    2.143973410e-01;    5.109663471e-05;    1.690564532e-04;    0.000000000e+00;    0.000000000e+00;    0.000000000e+00;    0.000000000e+00
      153250000;    6.564233303e-01;    1.486195624e-01;    9.106221842e-05;    2.154271206e-04;    0.000000000e+00;    0.000000000e+00;    0.000000000e+00;    0.000000000e+00
      154375000;    7.140259147e-01;    7.772073150e-02;    1.185486326e-04;    1.670633355e-04;    0.000000000e+00;    0.000000000e+00;    0.000000000e+00;    0.000000000e+00
      155500000;    7.483841181e-01;    1.353880856e-02;    1.138598163e-04;    1.138643274e-04;    0.000000000e+00;    0.000000000e+00;    0.000000000e+00;    0.000000000e+00
      156625000;    7.691149116e-01;   -4.249684885e-02;    1.731297234e-04;    5.635368143e-05;    0.000000000e+00;    0.000000000e+00;    0.000000000e+00;    0.000000000e+00
      157750000;    7.827211618e-01;   -8.986417949e-02;    1.288489439e-04;    2.066632078e-05;    0.000000000e+00;    0.000000000e+00;    0.000000000e+00;    0.000000000e+00
      158875000;    7.930445671e-01;   -1.339766085e-01;    1.494650642e-04;    3.792824282e-05;    0.000000000e+00;    0.000000000e+00;    0.000000000e+00;    0.000000000e+00
      160000000;    7.973799109e-01;   -1.754812598e-01;    1.463305380e-04;   -2.026613583e-05;    0.000000000e+00;    0.000000000e+00;    0.000000000e+00;    0.000000000e+00
      161125000;    7.965481281e-01;   -2.122861743e-01;    1.332821703e-04;   -4.109860311e-05;    0.000000000e+00;    0.000000000e+00;    0.000000000e+00;    0.000000000e+00
      162250000;    7.929713726e-01;   -2.453030646e-01;    1.165642752e-04;   -7.815488789e-05;    0.000000000e+00;    0.000000000e+00;    0.000000000e+00;    0.000000000e+00
      163375000;    7.869567275e-01;   -2.752417624e-01;    9.722980758e-05;   -8.748438995e-05;    0.000000000e+00;    0.000000000e+00;    0.000000000e+00;    0.000000000e+00
      164500000;    7.796204090e-01;   -3.025114238e-01;    9.388042963e-05;   -8.749046538e-05;    0.000000000e+00;    0.000000000e+00;    0.000000000e+00;    0.000000000e+00
      165625000;    7.703387737e-01;   -3.282906115e-01;    7.480119530e-05;   -9.421071445e-05;    0.000000000e+00;    0.000000000e+00;    0.000000000e+00;    0.000000000e+00
      166750000;    7.586150765e-01;   -3.529722393e-01;    1.116345811e-04;   -1.165359863e-04;    0.000000000e+00;    0.000000000e+00;    0.000000000e+00;    0.000000000e+00
      167875000;    7.431967854e-01;   -3.761794567e-01;    9.698058420e-05;   -1.496157784e-04;    0.000000000e+00;    0.000000000e+00;    0.000000000e+00;    0.000000000e+00
      169000000;    7.250117064e-01;   -3.980537355e-01;    9.209130803e-05;   -1.752594399e-04;    0.000000000e+00;    0.000000000e+00;    0.000000000e+00;    0.000000000e+00
      170125000;    6.987038851e-01;   -4.103631973e-01;    9.120619507e-05;   -1.382879855e-04;    0.000000000e+00;    0.000000000e+00;    0.000000000e+00;    0.000000000e+00
      171250000;    6.726580262e-01;   -4.168159664e-01;    8.350142161e-05;   -1.830967667e-04;    0.000000000e+00;    0.000000000e+00;    0.000000000e+00;    0.000000000e+00
      172375000;    6.484152675e-01;   -4.154592156e-01;    8.829581930e-05;   -1.932829182e-04;    0.000000000e+00;    0.000000000e+00;    0.000000000e+00;    0.000000000e+00
      173500000;    6.275141239e-01;   -4.075546265e-01;    4.834281572e-05;   -2.051577176e-04;    0.000000000e+00;    0.000000000e+00;    0.000000000e+00;    0.000000000e+00
      174625000;    6.120299697e-01;   -3.988558352e-01;    1.680970672e-05;   -2.085314336e-04;    0.000000000e+00;    0.000000000e+00;    0.000000000e+00;    0.000000000e+00
      175750000;    5.996052623e-01;   -3.887620866e-01;    2.003701411e-05;   -1.809335226e-04;    0.000000000e+00;    0.000000000e+00;    0.000000000e+00;    0.000000000e+00
      176875000;    5.897167325e-01;   -3.764235377e-01;   -1.524751497e-05;   -2.074451186e-04;    0.000000000e+00;    0.000000000e+00;    0.000000000e+00;    0.000000000e+00
      178000000;    5.806592703e-01;   -3.614113927e-01;    4.623238056e-06;   -2.067095047e-04;    0.000000000e+00;    0.000000000e+00;    0.000000000e+00;    0.000000000e+00
      179125000;    5.758235455e-01;   -3.435338438e-01;   -6.884971299e-06;   -1.810553949e-04;    0.000000000e+00;    0.000000000e+00;    0.000000000e+00;    0.000000000e+00
      180250000;    5.759717226e-01;   -3.239076138e-01;   -8.545764285e-05;   -1.462918590e-04;    0.000000000e+00;    0.000000000e+00;    0.000000000e+00;    0.000000000e+00
      181375000;    5.823692083e-01;   -3.022424281e-01;   -4.544850162e-05;   -2.058787213e-04;    0.000000000e+00;    0.000000000e+00;    0.000000000e+00;    0.000000000e+00
      182500000;    5.979136229e-01;   -2.819255590e-01;   -6.596768071e-05;   -1.674372761e-04;    0.000000000e+00;    0.000000000e+00;    0.000000000e+00;    0.000000000e+00
      183625000;    6.199750304e-01;   -2.691674829e-01;   -8.970568160e-05;   -1.601586555e-04;    0.000000000e+00;    0.000000000e+00;    0.000000000e+00;    0.000000000e+00
      184750000;    6.451654434e-01;   -2.638253570e-01;   -8.875326603e-05;   -1.437593019e-04;    0.000000000e+00;    0.000000000e+00;    0.000000000e+00;    0.000000000e+00
      185875000;    6.682357192e-01;   -2.660282254e-01;   -9.140787006e-05;   -1.584233687e-04;    0.000000000e+00;    0.000000000e+00;    0.000000000e+00;    0.000000000e+00
      187000000;    6.880244017e-01;   -2.725553215e-01;   -1.193820863e-04;   -1.222512074e-04;    0.000000000e+00;    0.000000000e+00;    0.000000000e+00;    0.000000000e+00
      188125000;    7.049439549e-01;   -2.818575203e-01;   -6.696771743e-05;   -1.521425002e-04;    0.000000000e+00;    0.000000000e+00;    0.000000000e+00;    0.000000000e+00
      189250000;    7.195338011e-01;   -2.921289206e-01;   -8.463803533e-05;   -1.712670055e-04;    0.000000000e+00;    0.000000000e+00;    0.000000000e+00;    0.000000000e+00
      190375000;    7.327029705e-01;   -3.030233979e-01;   -9.837174002e-05;   -1.231688802e-04;    0.000000000e+00;    0.000000000e+00;    0.000000000e+00;    0.000000000e+00
      191500000;    7.444870472e-01;   -3.152548373e-01;   -8.733181312e-05;   -1.041976211e-04;    0.000000000e+00;    0.000000000e+00;    0.000000000e+00;    0.000000000e+00
      192625000;    7.549700141e-01;   -3.290416002e-01;   -8.651602548e-05;   -1.222985156e-04;    0.000000000e+00;    0.000000000e+00;    0.000000000e+00;    0.000000000e+00
      193750000;    7.634052038e-01;   -3.432766497e-01;   -8.680006431e-05;   -8.233680273e-05;    0.000000000e+00;    0.000000000e+00;    0.000000000e+00;    0.000000000e+00
      194875000;    7.700577378e-01;   -3.583078384e-01;   -5.287018212e-05;   -5.478549065e-05;    0.000000000e+00;    0.000000000e+00;    0.000000000e+00;    0.000000000e+00
      196000000;    7.750460505e-01;   -3.737515509e-01;   -5.431768659e-05;   -1.049000130e-04;    0.000000000e+00;    0.000000000e+00;    0.000000000e+00;    0.000000000e+00
      197125000;    7.785459757e-01;   -3.885319233e-01;   -6.703584950e-05;   -9.735196363e-05;    0.000000000e+00;    0.000000000e+00;    0.000000000e+00;    0.000000000e+00
      198250000;    7.803363204e-01;   -4.030973911e-01;   -8.713755960e-05;   -1.414217695e-04;    0.000000000e+00;    0.000000000e+00;    0.000000000e+00;    0.000000000e+00
      199375000;    7.806551456e-01;   -4.172904193e-01;   -4.550631274e-05;   -1.241364371e-04;    0.000000000e+00;    0.000000000e+00;    0.000000000e+00;    0.000000000e+00
      200500000;    7.805252671e-01;   -4.312802553e-01;   -4.809660459e-05;   -5.603549289e-05;    0.000000000e+00;    0.000000000e+00;    0.000000000e+00;    0.000000000e+00
      201625000;    7.793676257e-01;   -4.440545440e-01;   -5.607794446e-05;   -9.056688577e-05;    0.000000000e+00;    0.000000000e+00;    0.000000000e+00;    0.000000000e+00
      202750000;    7.780471444e-01;   -4.558604360e-01;   -5.992395745e-05;   -1.042947988e-04;    0.000000000e+00;    0.000000000e+00;    0.000000000e+00;    0.000000000e+00
      203875000;    7.762912512e-01;   -4.681338370e-01;   -5.878464071e-05;   -9.873709496e-05;    0.000000000e+00;    0.000000000e+00;    0.000000000e+00;    0.000000000e+00
      205000000;    7.743271589e-01;   -4.795629978e-01;   -7.290582289e-05;   -1.014943991e-04;    0.000000000e+00;    0.000000000e+00;    0.000000000e+00;    0.000000000e+00
      206125000;    7.716763020e-01;   -4.910239875e-01;   -1.662261639e-05;   -6.093563570e-05;    0.000000000e+00;    0.000000000e+00;    0.000000000e+00;    0.000000000e+00
      207250000;    7.686690092e-01;   -5.020032525e-01;   -2.886458969e-05;   -6.993245916e-05;    0.000000000e+00;    0.000000000e+00;    0.000000000e+00;    0.000000000e+00
      208375000;    7.647726536e-01;   -5.128092170e-01;   -4.600859393e-05;   -1.026296231e-04;    0.000000000e+00;    0.000000000e+00;    0.000000000e+00;    0.000000000e+00
      209500000;    7.611793280e-01;   -5.229284167e-01;   -7.781850400e-06;   -6.729138840e-05;    0.000000000e+00;    0.000000000e+00;    0.000000000e+00;    0.000000000e+00
      210625000;    7.567338347e-01;   -5.330754519e-01;   -1.852197056e-05;   -7.294538227e-05;    0.000000000e+00;    0.000000000e+00;    0.000000000e+00;    0.000000000e+00
      211750000;    7.522228360e-01;   -5.430024266e-01;   -2.015967402e-05;   -7.755921251e-05;    0.000000000e+00;    0.000000000e+00;    0.000000000e+00;    0.000000000e+00
      212875000;    7.473267317e-01;   -5.525665879e-01;   -3.163040310e-05;   -7.509654097e-05;    0.000000000e+00;    0.000000000e+00;    0.000000000e+00;    0.000000000e+00
      214000000;    7.422515154e-01;   -5.612789392e-01;   -3.669084981e-05;   -9.543763736e-05;    0.000000000e+00;    0.000000000e+00;    0.000000000e+00;    0.000000000e+00
      215125000;    7.366991043e-01;   -5.696575642e-01;   -4.191143489e-06;   -8.082322893e-05;    0.000000000e+00;    0.000000000e+00;    0.000000000e+00;    0.000000000e+00
      216250000;    7.316092849e-01;   -5.782074332e-01;   -1.755107223e-05;   -8.605020412e-05;    0.000000000e+00;    0.000000000e+00;    0.000000000e+00;    0.000000000e+00
      217375000;    7.263146639e-01;   -5.864374638e-01;   -5.742981739e-05;   -8.341570356e-05;    0.000000000e+00;    0.000000000e+00;    0.000000000e+00;    0.000000000e+00
      218500000;    7.206580043e-01;   -5.946360230e-01;   -1.162545686e-05;   -9.008159395e-05;    0.000000000e+00;    0.000000000e+00;    0.000000000e+00;    0.000000000e+00
      219625000;    7.152010202e-01;   -6.025950313e-01;   -4.470485874e-05;   -6.087356451e-05;    0.000000000e+00;    0.000000000e+00;    0.000000000e+00;    0.000000000e+00
      220750000;    7.091265321e-01;   -6.104187965e-01;   -5.312574649e-05;   -9.657449118e-05;    0.000000000e+00;    0.000000000e+00;    0.000000000e+00;    0.000000000e+00
      221875000;    7.026464343e-01;   -6.179230213e-01;   -1.878011790e-05;   -1.063343443e-04;    0.000000000e+00;    0.000000000e+00;    0.000000000e+00;    0.000000000e+00
      223000000;    6.957291961e-01;   -6.251118183e-01;   -5.118576155e-05;   -7.847930101e-05;    0.000000000e+00;    0.000000000e+00;    0.000000000e+00;    0.000000000e+00
      224125000;    6.887520552e-01;   -6.314786077e-01;   -1.750747469e-05;   -1.092253078e-04;    0.000000000e+00;    0.000000000e+00;    0.000000000e+00;    0.000000000e+00
      225250000;    6.820235848e-01;   -6.375402808e-01;   -7.602149708e-06;   -1.181922926e-04;    0.000000000e+00;    0.000000000e+00;    0.000000000e+00;    0.000000000e+00
      226375000;    6.746726632e-01;   -6.436116695e-01;   -6.296801075e-06;   -6.910692900e-05;    0.000000000e+00;    0.000000000e+00;    0.000000000e+00;    0.000000000e+00
      227500000;    6.683860421e-01;   -6.507126093e-01;   -2.041994048e-05;   -9.613170550e-05;    0.000000000e+00;    0.000000000e+00;    0.000000000e+00;    0.000000000e+00
      228625000;    6.600645781e-01;   -6.556818485e-01;    1.358214740e-05;   -9.502453759e-05;    0.000000000e+00;    0.000000000e+00;    0.000000000e+00;    0.000000000e+00
      229750000;    6.526858211e-01;   -6.620973945e-01;    2.759057134e-05;   -6.961599865e-05;    0.000000000e+00;    0.000000000e+00;    0.000000000e+00;    0.000000000e+00
      230875000;    6.445259452e-01;   -6.682802439e-01;    2.094960655e-05;   -1.091357408e-04;    0.000000000e+00;    0.000000000e+00;    0.000000000e+00;    0.000000000e+00
      232000000;    6.356818676e-01;   -6.740880013e-01;   -4.092937888e-05;   -7.280640421e-05;    0.000000000e+00;    0.000000000e+00;    0.000000000e+00;    0.000000000e+00
      233125000;    6.251270175e-01;   -6.792818904e-01;   -6.282823961e-06;   -1.110723679e-04;    0.000000000e+00;    0.000000000e+00;    0.000000000e+00;    0.000000000e+00
      234250000;    6.143156290e-01;   -6.832615733e-01;    2.848139957e-05;   -8.548634651e-05;    0.000000000e+00;    0.000000000e+00;    0.000000000e+00;    0.000000000e+00
      235375000;    6.032046676e-01;   -6.853870749e-01;   -2.284203583e-05;   -1.050757855e-04;    0.000000000e+00;    0.000000000e+00;    0.000000000e+00;    0.000000000e+00
      236500000;    5.919049978e-01;   -6.859101057e-01;    1.337179128e-05;   -1.084859105e-04;    0.000000000e+00;    0.000000000e+00;    0.000000000e+00;    0.000000000e+00
      237625000;    5.812879801e-01;   -6.844536066e-01;    6.600836059e-06;   -1.337673457e-04;    0.000000000e+00;    0.000000000e+00;    0.000000000e+00;    0.000000000e+00
      238750000;    5.721448660e-01;   -6.808581352e-01;    4.242486830e-05;   -9.031646914e-05;    0.000000000e+00;    0.000000000e+00;    0.000000000e+00;    0.000000000e+00
      239875000;    5.645285845e-01;   -6.767807603e-01;    1.588474879e-05;   -1.103842951e-04;    0.000000000e+00;    0.000000000e+00;    0.000000000e+00;    0.000000000e+00
      241000000;    5.585892797e-01;   -6.725988388e-01;    3.445385664e-05;   -8.526087913e-05;    0.000000000e+00;    0.000000000e+00;    0.000000000e+00;    0.000000000e+00
      242125000;    5.551374555e-01;   -6.677961946e-01;    3.017587369e-05;   -1.320417941e-04;    0.000000000e+00;    0.000000000e+00;    0.000000000e+00;    0.000000000e+00
      243250000;    5.535938740e-01;   -6.629145145e-01;   -6.950289389e-06;   -8.047180745e-05;    0.000000000e+00;    0.000000000e+00;    0.000000000e+00;    0.000000000e+00
      244375000;    5.541124344e-01;   -6.592600942e-01;   -2.590797521e-06;   -1.175558718e-04;    0.000000000e+00;    0.000000000e+00;    0.000000000e+00;    0.000000000e+00
      245500000;    5.561994314e-01;   -6.585239172e-01;    8.666253052e-06;   -1.105595584e-04;    0.000000000e+00;    0.000000000e+00;    0.000000000e+00;    0.000000000e+00
      246625000;    5.581377149e-01;   -6.598099470e-01;    3.622044460e-05;   -1.421425841e-04;    0.000000000e+00;    0.000000000e+00;    0.000000000e+00;    0.000000000e+00
      247750000;    5.592813492e-01;   -6.628242731e-01;    4.597743828e-05;   -1.465475070e-04;    0.000000000e+00;    0.000000000e+00;    0.000000000e+00;    0.000000000e+00
      248875000;    5.592647195e-01;   -6.673044562e-01;   -1.419370528e-05;   -1.424178627e-04;    0.000000000e+00;    0.000000000e+00;    0.000000000e+00;    0.000000000e+00
      250000000;    5.577705503e-01;   -6.713059545e-01;    2.299073276e-05;   -1.278037525e-04;    0.000000000e+00;    0.000000000e+00;    0.000000000e+00;    0.000000000e+00
      251125000;    5.560425520e-01;   -6.741904020e-01;    3.998450120e-05;   -1.236941316e-04;    0.000000000e+00;    0.000000000e+00;    0.000000000e+00;    0.000000000e+00
      252250000;    5.552442670e-01;   -6.781250238e-01;    4.484694728e-05;   -7.583581464e-05;    0.000000000e+00;    0.000000000e+00;    0.000000000e+00;    0.000000000e+00
      253375000;    5.535085201e-01;   -6.833790541e-01;    2.546428732e-06;   -1.050208739e-04;    0.000000000e+00;    0.000000000e+00;    0.000000000e+00;    0.000000000e+00
      254500000;    5.515279174e-01;   -6.885589957e-01;    2.231259714e-06;   -1.405274670e-04;    0.000000000e+00;    0.000000000e+00;    0.000000000e+00;    0.000000000e+00
      255625000;    5.484443903e-01;   -6.939860582e-01;   -6.659429346e-06;   -1.399633475e-04;    0.000000000e+00;    0.000000000e+00;    0.000000000e+00;    0.000000000e+00
      256750000;    5.450766087e-01;   -6.989150047e-01;    3.305725113e-05;   -1.148031297e-04;    0.000000000e+00;    0.000000000e+00;    0.000000000e+00;    0.000000000e+00
      257875000;    5.415828228e-01;   -7.037295699e-01;    9.217044862e-06;   -1.282489247e-04;    0.000000000e+00;    0.000000000e+00;    0.000000000e+00;    0.000000000e+00
      259000000;    5.372426510e-01;   -7.090458274e-01;    3.790913615e-05;   -1.446102833e-04;    0.000000000e+00;    0.000000000e+00;    0.000000000e+00;    0.000000000e+00
      260125000;    5.328595042e-01;   -7.140814662e-01;    3.631416621e-05;   -1.311421947e-04;    0.000000000e+00;    0.000000000e+00;    0.000000000e+00;    0.000000000e+00
      261250000;    5.283066630e-01;   -7.186949253e-01;   -6.564318028e-06;   -1.162098415e-04;    0.000000000e+00;    0.000000000e+00;    0.000000000e+00;    0.000000000e+00
      262375000;    5.232803822e-01;   -7.236405611e-01;    3.921725875e-05;   -9.800682164e-05;    0.000000000e+00;    0.000000000e+00;    0.000000000e+00;    0.000000000e+00
      263500000;    5.180963278e-01;   -7.277312279e-01;    5.878028242e-05;   -1.451357966e-04;    0.000000000e+00;    0.000000000e+00;    0.000000000e+00;    0.000000000e+00
      264625000;    5.122998953e-01;   -7.315325141e-01;    2.752453656e-05;   -1.313715329e-04;    0.000000000e+00;    0.000000000e+00;    0.000000000e+00;    0.000000000e+00
      265750000;    5.071847439e-01;   -7.354118824e-01;    2.622607644e-05;   -1.225610467e-04;    0.000000000e+00;    0.000000000e+00;    0.000000000e+00;    0.000000000e+00
      266875000;    5.019198656e-01;   -7.390158772e-01;    3.902910976e-05;   -1.005523081e-04;    0.000000000e+00;    0.000000000e+00;    0.000000000e+00;    0.000000000e+00
      268000000;    4.965958595e-01;   -7.432529330e-01;   -1.615364454e-06;   -1.301643060e-04;    0.000000000e+00;    0.000000000e+00;    0.000000000e+00;    0.000000000e+00
      269125000;    4.906659126e-01;   -7.465678453e-01;    3.446919800e-05;   -1.368535450e-04;    0.000000000e+00;    0.000000000e+00;    0.000000000e+00;    0.000000000e+00
      270250000;    4.850745499e-01;   -7.500947118e-01;    4.682496365e-05;   -1.442058856e-04;    0.000000000e+00;    0.000000000e+00;    0.000000000e+00;    0.000000000e+00
      271375000;    4.791041017e-01;   -7.533504367e-01;    4.850728874e-05;   -1.196874364e-04;    0.000000000e+00;    0.000000000e+00;    0.000000000e+00;    0.000000000e+00
      272500000;    4.735451937e-01;   -7.562398314e-01;    1.946844714e-05;   -1.040048664e-04;    0.000000000e+00;    0.000000000e+00;    0.000000000e+00;    0.000000000e+00
      273625000;    4.677362740e-01;   -7.590189576e-01;    8.083831926e-05;   -1.349734375e-04;    0.000000000e+00;    0.000000000e+00;    0.000000000e+00;    0.000000000e+00
      274750000;    4.623278379e-01;   -7.615196109e-01;    8.548734331e-05;   -1.526903070e-04;    0.000000000e+00;    0.000000000e+00;    0.000000000e+00;    0.000000000e+00
      275875000;    4.572094083e-01;   -7.642849684e-01;    3.765725342e-05;   -1.387007360e-04;    0.000000000e+00;    0.000000000e+00;    0.000000000e+00;    0.000000000e+00
      277000000;    4.521387517e-01;   -7.673028708e-01;    7.605666178e-05;   -1.036808171e-04;    0.000000000e+00;    0.000000000e+00;    0.000000000e+00;    0.000000000e+00
      278125000;    4.470970035e-01;   -7.705715299e-01;    1.022963988e-05;   -1.405465591e-04;    0.000000000e+00;    0.000000000e+00;    0.000000000e+00;    0.000000000e+00
      279250000;    4.413218796e-01;   -7.740529180e-01;    7.997484499e-05;   -1.454372978e-04;    0.000000000e+00;    0.000000000e+00;    0.000000000e+00;    0.000000000e+00
      280375000;    4.356872737e-01;   -7.775681019e-01;    7.758175343e-05;   -1.568032167e-04;    0.000000000e+00;    0.000000000e+00;    0.000000000e+00;    0.000000000e+00
      281500000;    4.298756123e-01;   -7.810627818e-01;    5.731615965e-05;   -1.170085743e-04;    0.000000000e+00;    0.000000000e+00;    0.000000000e+00;    0.000000000e+00
      282625000;    4.234358668e-01;   -7.847727537e-01;    9.315168427e-05;   -1.919661590e-04;    0.000000000e+00;    0.000000000e+00;    0.000000000e+00;    0.000000000e+00
      283750000;    4.169677794e-01;   -7.880055308e-01;    4.986569911e-05;   -1.542484097e-04;    0.000000000e+00;    0.000000000e+00;    0.000000000e+00;    0.000000000e+00
      284875000;    4.103327692e-01;   -7.913472056e-01;    4.826308214e-05;   -1.370412065e-04;    0.000000000e+00;    0.000000000e+00;    0.000000000e+00;    0.000000000e+00
      286000000;    4.031423032e-01;   -7.942197323e-01;    1.067830235e-04;   -1.104310650e-04;    0.000000000e+00;    0.000000000e+00;    0.000000000e+00;    0.000000000e+00
      287125000;    3.960677683e-01;   -7.978535891e-01;    1.049273415e-04;   -2.168422798e-04;    0.000000000e+00;    0.000000000e+00;    0.000000000e+00;    0.000000000e+00
      288250000;    3.890783787e-01;   -8.006374240e-01;    6.710614252e-05;   -1.435630402e-04;    0.000000000e+00;    0.000000000e+00;    0.000000000e+00;    0.000000000e+00
      289375000;    3.817184865e-01;   -8.027755618e-01;    1.529419387e-05;   -1.703610469e-04;    0.000000000e+00;    0.000000000e+00;    0.000000000e+00;    0.000000000e+00
      290500000;    3.781315088e-01;   -7.984144092e-01;   -2.597822458e-05;   -2.560935973e-04;    0.000000000e+00;    0.000000000e+00;    0.000000000e+00;    0.000000000e+00
      291625000;    3.726436496e-01;   -8.007588983e-01;    1.606162114e-04;    1.595951762e-04;    0.000000000e+00;    0.000000000e+00;    0.000000000e+00;    0.000000000e+00
      292750000;    3.647668362e-01;   -8.026621342e-01;    3.073781045e-05;   -3.284300328e-05;    0.000000000e+00;    0.000000000e+00;    0.000000000e+00;    0.000000000e+00
      293875000;    3.588342071e-01;   -8.040995598e-01;    1.175493962e-04;   -7.287186600e-05;    0.000000000e+00;    0.000000000e+00;    0.000000000e+00;    0.000000000e+00
      295000000;    3.515534997e-01;   -8.051989079e-01;   -1.358719019e-04;   -1.195674631e-04;    0.000000000e+00;    0.000000000e+00;    0.000000000e+00;    0.000000000e+00
      296125000;    3.445426524e-01;   -8.065155745e-01;   -5.382294330e-05;   -1.895290188e-04;    0.000000000e+00;    0.000000000e+00;    0.000000000e+00;    0.000000000e+00
      297250000;    3.380471766e-01;   -8.084262013e-01;   -1.492192387e-04;    1.298889401e-05;    0.000000000e+00;    0.000000000e+00;    0.000000000e+00;    0.000000000e+00
      298375000;    3.315143883e-01;   -8.117438555e-01;   -7.640720287e-05;    2.842208050e-05;    0.000000000e+00;    0.000000000e+00;    0.000000000e+00;    0.000000000e+00
      299500000;    3.236424625e-01;   -8.135319352e-01;   -1.452108118e-04;   -2.152377128e-04;    0.000000000e+00;    0.000000000e+00;    0.000000000e+00;    0.000000000e+00
      300625000;    3.169501424e-01;   -8.135321736e-01;    5.930737825e-05;    2.686646985e-05;    0.000000000e+00;    0.000000000e+00;    0.000000000e+00;    0.000000000e+00
      301750000;    3.075377047e-01;   -8.188150525e-01;   -3.186171525e-04;   -1.077459674e-04;    0.000000000e+00;    0.000000000e+00;    0.000000000e+00;    0.000000000e+00
      302875000;    2.979739606e-01;   -8.200252056e-01;    2.860542736e-07;   -1.761003514e-04;    0.000000000e+00;    0.000000000e+00;    0.000000000e+00;    0.000000000e+00
      304000000;    2.894441783e-01;   -8.213416338e-01;    1.640029514e-04;   -6.417756958e-05;    0.000000000e+00;    0.000000000e+00;    0.000000000e+00;    0.000000000e+00
      305125000;    2.802638412e-01;   -8.227866888e-01;   -1.024912217e-05;    4.140034434e-06;    0.000000000e+00;    0.000000000e+00;    0.000000000e+00;    0.000000000e+00
      306250000;    2.718666494e-01;   -8.210050464e-01;   -2.183138349e-06;   -6.242087693e-05;    0.000000000e+00;    0.000000000e+00;    0.000000000e+00;    0.000000000e+00
      307375000;    2.611550987e-01;   -8.203563690e-01;   -4.635270307e-05;    8.384561806e-05;    0.000000000e+00;    0.000000000e+00;    0.000000000e+00;    0.000000000e+00
      308500000;    2.552475631e-01;   -8.209347129e-01;   -3.513526462e-05;   -7.066859689e-05;    0.000000000e+00;    0.000000000e+00;    0.000000000e+00;    0.000000000e+00
      309625000;    2.465617955e-01;   -8.211004138e-01;   -1.396670632e-05;   -8.762133075e-05;    0.000000000e+00;    0.000000000e+00;    0.000000000e+00;    0.000000000e+00
      310750000;    2.396302372e-01;   -8.208337426e-01;   -8.479051030e-05;   -5.226851863e-05;    0.000000000e+00;    0.000000000e+00;    0.000000000e+00;    0.000000000e+00
      311875000;    2.316260785e-01;   -8.214221597e-01;   -1.363194315e-06;   -2.285231312e-04;    0.000000000e+00;    0.000000000e+00;    0.000000000e+00;    0.000000000e+00
      313000000;    2.233199626e-01;   -8.214559555e-01;   -2.700521727e-04;   -6.384494918e-05;    0.000000000e+00;    0.000000000e+00;    0.000000000e+00;    0.000000000e+00
      314125000;    2.139418572e-01;   -8.221161962e-01;    2.645995301e-05;    2.431338726e-05;    0.000000000e+00;    0.000000000e+00;    0.000000000e+00;    0.000000000e+00
      315250000;    2.053113580e-01;   -8.218834400e-01;   -1.168567542e-05;   -1.997358631e-04;    0.000000000e+00;    0.000000000e+00;    0.000000000e+00;    0.000000000e+00
      316375000;    1.954903752e-01;   -8.217423558e-01;   -3.330543404e-04;   -1.994277409e-05;    0.000000000e+00;    0.000000000e+00;    0.000000000e+00;    0.000000000e+00
      317500000;    1.861080676e-01;   -8.213238120e-01;   -1.357332803e-05;    1.418908359e-04;    0.000000000e+00;    0.000000000e+00;    0.000000000e+00;    0.000000000e+00
      318625000;    1.762626171e-01;   -8.211559057e-01;   -2.130889334e-05;   -3.474836121e-04;    0.000000000e+00;    0.000000000e+00;    0.000000000e+00;    0.000000000e+00
      319750000;    1.662140638e-01;   -8.197872043e-01;   -1.296636765e-04;   -7.302423182e-05;    0.000000000e+00;    0.000000000e+00;    0.000000000e+00;    0.000000000e+00
      320875000;    1.571000814e-01;   -8.180779219e-01;   -2.370003931e-04;   -5.235485878e-05;    0.000000000e+00;    0.000000000e+00;    0.000000000e+00;    0.000000000e+00
      322000000;    1.472898275e-01;   -8.164197206e-01;   -5.628805229e-05;   -1.403006900e-04;    0.000000000e+00;    0.000000000e+00;    0.000000000e+00;    0.000000000e+00
      323125000;    1.363780946e-01;   -8.157016039e-01;   -2.164500038e-04;   -5.876477371e-05;    0.000000000e+00;    0.000000000e+00;    0.000000000e+00;    0.000000000e+00
      324250000;    1.231384799e-01;   -8.148877621e-01;   -9.443386807e-05;   -8.792670269e-05;    0.000000000e+00;    0.000000000e+00;    0.000000000e+00;    0.000000000e+00
      325375000;    1.139410883e-01;   -8.096421361e-01;   -4.381241160e-05;   -6.998196477e-05;    0.000000000e+00;    0.000000000e+00;    0.000000000e+00;    0.000000000e+00
      326500000;    1.031302139e-01;   -8.053790331e-01;    8.759125922e-05;   -1.196509547e-04;    0.000000000e+00;    0.000000000e+00;    0.000000000e+00;    0.000000000e+00
      327625000;    9.300727397e-02;   -8.015114665e-01;   -2.399672376e-04;   -1.568337757e-04;    0.000000000e+00;    0.000000000e+00;    0.000000000e+00;    0.000000000e+00
      328750000;    8.247785270e-02;   -7.969654799e-01;    4.750756125e-05;    1.581237157e-04;    0.000000000e+00;    0.000000000e+00;    0.000000000e+00;    0.000000000e+00
      329875000;    7.308230549e-02;   -7.921769619e-01;    6.322017725e-06;   -7.987565186e-05;    0.000000000e+00;    0.000000000e+00;    0.000000000e+00;    0.000000000e+00
      331000000;    6.348591298e-02;   -7.872460485e-01;   -2.665742068e-04;    8.085058653e-06;    0.000000000e+00;    0.000000000e+00;    0.000000000e+00;    0.000000000e+00
      332125000;    5.370681360e-02;   -7.821165323e-01;   -2.857653271e-05;    1.751221680e-05;    0.000000000e+00;    0.000000000e+00;    0.000000000e+00;    0.000000000e+00
      333250000;    4.503593221e-02;   -7.762358785e-01;   -3.913110777e-05;   -1.625964796e-05;    0.000000000e+00;    0.000000000e+00;    0.000000000e+00;    0.000000000e+00
      334375000;    3.526921570e-02;   -7.712541819e-01;   -2.185050107e-06;    1.327813661e-04;    0.000000000e+00;    0.000000000e+00;    0.000000000e+00;    0.000000000e+00
      335500000;    2.610258199e-02;   -7.649916410e-01;   -4.880248161e-05;   -2.238955494e-04;    0.000000000e+00;    0.000000000e+00;    0.000000000e+00;    0.000000000e+00
      336625000;    1.678977534e-02;   -7.578810453e-01;   -2.191318054e-04;    7.939551142e-05;    0.000000000e+00;    0.000000000e+00;    0.000000000e+00;    0.000000000e+00
      337750000;    7.460555527e-03;   -7.527100444e-01;   -2.139818971e-04;   -7.639289834e-06;    0.000000000e+00;    0.000000000e+00;    0.000000000e+00;    0.000000000e+00
      338875000;   -1.353844884e-03;   -7.461203933e-01;    2.263353963e-05;   -2.358604834e-04;    0.000000000e+00;    0.000000000e+00;    0.000000000e+00;    0.000000000e+00
      340000000;   -9.752008133e-03;   -7.395750880e-01;    1.014962254e-04;   -4.009123950e-05;    0.000000000e+00;    0.000000000e+00;    0.000000000e+00;    0.000000000e+00
      341125000;   -1.897208765e-02;   -7.313548326e-01;   -3.444586764e-05;   -1.208470494e-04;    0.000000000e+00;    0.000000000e+00;    0.000000000e+00;    0.000000000e+00
      342250000;   -2.716588043e-02;   -7.242442369e-01;   -2.067314017e-05;   -5.112785584e-05;    0.000000000e+00;    0.000000000e+00;    0.000000000e+00;    0.000000000e+00
      343375000;   -3.521010280e-02;   -7.167661190e-01;   -9.017808043e-05;   -1.554736227e-04;    0.000000000e+00;    0.000000000e+00;    0.000000000e+00;    0.000000000e+00
      344500000;   -4.302589223e-02;   -7.096122503e-01;   -1.560543897e-04;   -2.219748421e-05;    0.000000000e+00;    0.000000000e+00;    0.000000000e+00;    0.000000000e+00
      345625000;   -5.140146241e-02;   -7.031572461e-01;   -1.487311965e-05;    1.560582605e-04;    0.000000000e+00;    0.000000000e+00;    0.000000000e+00;    0.000000000e+00
      346750000;   -6.015594676e-02;   -6.965278983e-01;    1.688495104e-06;   -1.391749538e-04;    0.000000000e+00;    0.000000000e+00;    0.000000000e+00;    0.000000000e+00
      347875000;   -7.061387599e-02;   -6.896653771e-01;   -5.061285992e-05;   -2.623462569e-05;    0.000000000e+00;    0.000000000e+00;    0.000000000e+00;    0.000000000e+00
      349000000;   -8.257122338e-02;   -6.818386316e-01;    1.625725272e-04;   -2.257629967e-04;    0.000000000e+00;    0.000000000e+00;    0.000000000e+00;    0.000000000e+00
      350125000;   -9.466426820e-02;   -6.721265912e-01;   -2.145701183e-05;   -7.435740554e-05;    0.000000000e+00;    0.000000000e+00;    0.000000000e+00;    0.000000000e+00
      351250000;   -1.074792072e-01;   -6.596381664e-01;    4.146563151e-05;   -6.451529043e-05;    0.000000000e+00;    0.000000000e+00;    0.000000000e+00;    0.000000000e+00
      352375000;   -1.189933494e-01;   -6.449794173e-01;   -1.347125071e-04;   -1.306729100e-04;    0.000000000e+00;    0.000000000e+00;    0.000000000e+00;    0.000000000e+00
      353500000;   -1.291434467e-01;   -6.285837293e-01;   -4.799906310e-05;   -1.380461617e-04;    0.000000000e+00;    0.000000000e+00;    0.000000000e+00;    0.000000000e+00
      354625000;   -1.365409642e-01;   -6.106035709e-01;   -7.953026216e-05;   -1.059483620e-04;    0.000000000e+00;    0.000000000e+00;    0.000000000e+00;    0.000000000e+00
      355750000;   -1.424524039e-01;   -5.918702483e-01;    1.313536341e-04;    8.106198220e-05;    0.000000000e+00;    0.000000000e+00;    0.000000000e+00;    0.000000000e+00
      356875000;   -1.462750435e-01;   -5.734160542e-01;   -4.588804586e-05;   -1.428465475e-04;    0.000000000e+00;    0.000000000e+00;    0.000000000e+00;    0.000000000e+00
      358000000;   -1.476174146e-01;   -5.552259684e-01;   -1.751632808e-04;   -1.154584825e-04;    0.000000000e+00;    0.000000000e+00;    0.000000000e+00;    0.000000000e+00
      359125000;   -1.476108283e-01;   -5.362994075e-01;   -3.747141091e-05;   -1.213163123e-04;    0.000000000e+00;    0.000000000e+00;    0.000000000e+00;    0.000000000e+00
      360250000;   -1.450567842e-01;   -5.193284750e-01;    3.882464807e-05;    9.226522707e-06;    0.000000000e+00;    0.000000000e+00;    0.000000000e+00;    0.000000000e+00
      361375000;   -1.412087977e-01;   -5.033909082e-01;   -1.824430656e-04;   -1.341816387e-04;    0.000000000e+00;    0.000000000e+00;    0.000000000e+00;    0.000000000e+00
      362500000;   -1.354410797e-01;   -4.891828299e-01;    6.543668133e-05;   -8.625721966e-05;    0.000000000e+00;    0.000000000e+00;    0.000000000e+00;    0.000000000e+00
      363625000;   -1.291842163e-01;   -4.773922563e-01;   -1.752644675e-05;   -9.092940309e-05;    0.000000000e+00;    0.000000000e+00;    0.000000000e+00;    0.000000000e+00
      364750000;   -1.248929426e-01;   -4.683140814e-01;   -1.831881673e-05;   -9.222410881e-05;    0.000000000e+00;    0.000000000e+00;    0.000000000e+00;    0.000000000e+00
      365875000;   -1.224549338e-01;   -4.598561823e-01;    9.402745491e-05;   -2.380125079e-04;    0.000000000e+00;    0.000000000e+00;    0.000000000e+00;    0.000000000e+00
      367000000;   -1.200665757e-01;   -4.507789314e-01;   -1.136868668e-04;   -1.089932703e-04;    0.000000000e+00;    0.000000000e+00;    0.000000000e+00;    0.000000000e+00
      368125000;   -1.200614348e-01;   -4.407587051e-01;    5.818050704e-05;    8.111466741e-05;    0.000000000e+00;    0.000000000e+00;    0.000000000e+00;    0.000000000e+00
      369250000;   -1.193048283e-01;   -4.299449325e-01;   -6.319917884e-05;   -5.283816063e-05;    0.000000000e+00;    0.000000000e+00;    0.000000000e+00;    0.000000000e+00
      370375000;   -1.182085276e-01;   -4.181545675e-01;    1.470529969e-04;   -1.403168280e-04;    0.000000000e+00;    0.000000000e+00;    0.000000000e+00;    0.000000000e+00
      371500000;   -1.160705984e-01;   -4.055800140e-01;   -9.343519923e-05;   -2.825854754e-04;    0.000000000e+00;    0.000000000e+00;    0.000000000e+00;    0.000000000e+00
      372625000;   -1.127059534e-01;   -3.924535811e-01;    7.368503429e-05;    1.843579375e-04;    0.000000000e+00;    0.000000000e+00;    0.000000000e+00;    0.000000000e+00
      373750000;   -1.068927497e-01;   -3.803244233e-01;   -2.114556264e-04;   -4.343949695e-05;    0.000000000e+00;    0.000000000e+00;    0.000000000e+00;    0.000000000e+00
      374875000;   -1.018224508e-01;   -3.690779805e-01;   -1.676054490e-05;   -4.796338908e-05;    0.000000000e+00;    0.000000000e+00;    0.000000000e+00;    0.000000000e+00
      376000000;   -9.577052295e-02;   -3.590468764e-01;   -2.013974881e-04;   -5.039446842e-05;    0.000000000e+00;    0.000000000e+00;    0.000000000e+00;    0.000000000e+00
      377125000;   -9.013436735e-02;   -3.491300642e-01;   -8.555268869e-05;   -1.150479802e-04;    0.000000000e+00;    0.000000000e+00;    0.000000000e+00;    0.000000000e+00
      378250000;   -8.483313769e-02;   -3.398999274e-01;    4.733013338e-05;    1.064995013e-04;    0.000000000e+00;    0.000000000e+00;    0.000000000e+00;    0.000000000e+00
      379375000;   -7.920902222e-02;   -3.310237825e-01;   -3.337392991e-05;   -2.223078627e-05;    0.000000000e+00;    0.000000000e+00;    0.000000000e+00;    0.000000000e+00
      380500000;   -7.397376746e-02;   -3.223406374e-01;   -5.085438897e-05;    6.668294373e-05;    0.000000000e+00;    0.000000000e+00;    0.000000000e+00;    0.000000000e+00
      381625000;   -6.914971024e-02;   -3.131156266e-01;   -1.939351569e-05;    1.120104280e-04;    0.000000000e+00;    0.000000000e+00;    0.000000000e+00;    0.000000000e+00
      382750000;   -6.310630590e-02;   -3.038166463e-01;   -6.195726019e-05;    3.100184585e-06;    0.000000000e+00;    0.000000000e+00;    0.000000000e+00;    0.000000000e+00
      383875000;   -5.729534850e-02;   -2.945965827e-01;    7.884833030e-05;   -2.168741921e-04;    0.000000000e+00;    0.000000000e+00;    0.000000000e+00;    0.000000000e+00
      385000000;   -5.178631842e-02;   -2.852937579e-01;   -5.542459985e-05;    6.927642971e-06;    0.000000000e+00;    0.000000000e+00;    0.000000000e+00;    0.000000000e+00
      386125000;   -4.498972371e-02;   -2.758201361e-01;   -5.286935993e-05;    7.187490701e-05;    0.000000000e+00;    0.000000000e+00;    0.000000000e+00;    0.000000000e+00
      387250000;   -3.738933802e-02;   -2.664626241e-01;   -3.476331040e-05;   -6.535366538e-06;    0.000000000e+00;    0.000000000e+00;    0.000000000e+00;    0.000000000e+00
      388375000;   -2.970323339e-02;   -2.570594549e-01;    1.571575704e-04;   -2.745570782e-05;    0.000000000e+00;    0.000000000e+00;    0.000000000e+00;    0.000000000e+00
      389500000;   -2.079372853e-02;   -2.485932708e-01;    2.980081990e-05;   -1.102138413e-04;    0.000000000e+00;    0.000000000e+00;    0.000000000e+00;    0.000000000e+00
      390625000;   -1.141672302e-02;   -2.409479022e-01;   -2.062815474e-04;   -1.219465485e-04;    0.000000000e+00;    0.000000000e+00;    0.000000000e+00;    0.000000000e+00
      391750000;   -2.277508844e-03;   -2.342129946e-01;    8.014214109e-05;   -8.478723612e-05;    0.000000000e+00;    0.000000000e+00;    0.000000000e+00;    0.000000000e+00
      392875000;    5.726717412e-03;   -2.275769562e-01;   -7.097224443e-05;   -3.924570774e-05;    0.000000000e+00;    0.000000000e+00;    0.000000000e+00;    0.000000000e+00
      394000000;    1.405752171e-02;   -2.211378068e-01;   -1.324209879e-04;   -3.705599811e-04;    0.000000000e+00;    0.000000000e+00;    0.000000000e+00;    0.000000000e+00
      395125000;    2.236251347e-02;   -2.143635601e-01;   -5.698708264e-05;   -7.436519081e-05;    0.000000000e+00;    0.000000000e+00;    0.000000000e+00;    0.000000000e+00
      396250000;    3.025308438e-02;   -2.071051598e-01;   -4.987938155e-05;   -2.111099748e-04;    0.000000000e+00;    0.000000000e+00;    0.000000000e+00;    0.000000000e+00
      397375000;    3.876345232e-02;   -1.985127479e-01;   -2.040190884e-04;   -6.051442324e-05;    0.000000000e+00;    0.000000000e+00;    0.000000000e+00;    0.000000000e+00
      398500000;    4.992338270e-02;   -1.888349205e-01;    1.072697778e-04;   -1.242369181e-04;    0.000000000e+00;    0.000000000e+00;    0.000000000e+00;    0.000000000e+00
      399625000;    6.280697882e-02;   -1.793790162e-01;    2.058748214e-04;   -6.957941514e-05;    0.000000000e+00;    0.000000000e+00;    0.000000000e+00;    0.000000000e+00
      400750000;    8.111130446e-02;   -1.737594604e-01;   -4.180940778e-06;   -1.075635664e-04;    0.000000000e+00;    0.000000000e+00;    0.000000000e+00;    0.000000000e+00
      401875000;    9.760814160e-02;   -1.684824377e-01;    2.511134699e-05;   -7.406278746e-05;    0.000000000e+00;    0.000000000e+00;    0.000000000e+00;    0.000000000e+00
      403000000;    1.132054925e-01;   -1.661920995e-01;    2.496308844e-05;    1.521370086e-05;    0.000000000e+00;    0.000000000e+00;    0.000000000e+00;    0.000000000e+00
      404125000;    1.318546087e-01;   -1.663999856e-01;    2.319881969e-05;   -2.304505033e-04;    0.000000000e+00;    0.000000000e+00;    0.000000000e+00;    0.000000000e+00
      405250000;    1.467156261e-01;   -1.689513773e-01;   -3.985142030e-05;   -6.618774933e-05;    0.000000000e+00;    0.000000000e+00;    0.000000000e+00;    0.000000000e+00
      406375000;    1.598161012e-01;   -1.713633537e-01;    6.704811676e-05;   -1.764501794e-04;    0.000000000e+00;    0.000000000e+00;    0.000000000e+00;    0.000000000e+00
      407500000;    1.710809916e-01;   -1.748092324e-01;    1.939637878e-04;    4.442041245e-05;    0.000000000e+00;    0.000000000e+00;    0.000000000e+00;    0.000000000e+00
      408625000;    1.835786998e-01;   -1.774198711e-01;    5.872546899e-05;   -2.069557377e-04;    0.000000000e+00;    0.000000000e+00;    0.000000000e+00;    0.000000000e+00
      409750000;    1.947875768e-01;   -1.805264354e-01;    3.428050377e-06;   -5.701619375e-05;    0.000000000e+00;    0.000000000e+00;    0.000000000e+00;    0.000000000e+00
      410875000;    2.064170837e-01;   -1.850769520e-01;   -6.895005936e-05;   -2.498671529e-04;    0.000000000e+00;    0.000000000e+00;    0.000000000e+00;    0.000000000e+00
      412000000;    2.169085741e-01;   -1.884269416e-01;    7.883295621e-05;   -2.182358148e-04;    0.000000000e+00;    0.000000000e+00;    0.000000000e+00;    0.000000000e+00
      413125000;    2.268000990e-01;   -1.921786368e-01;    2.330817515e-04;   -4.859649925e-05;    0.000000000e+00;    0.000000000e+00;    0.000000000e+00;    0.000000000e+00
      414250000;    2.389666438e-01;   -1.971455812e-01;    4.176811490e-05;   -9.790754848e-05;    0.000000000e+00;    0.000000000e+00;    0.000000000e+00;    0.000000000e+00
      415375000;    2.486475259e-01;   -2.046280652e-01;   -2.346516994e-04;   -3.296132491e-04;    0.000000000e+00;    0.000000000e+00;    0.000000000e+00;    0.000000000e+00
      416500000;    2.579191029e-01;   -2.100803256e-01;   -4.979364167e-05;   -1.945000404e-04;    0.000000000e+00;    0.000000000e+00;    0.000000000e+00;    0.000000000e+00
      417625000;    2.657030821e-01;   -2.168370634e-01;   -4.230567356e-05;   -3.987485979e-05;    0.000000000e+00;    0.000000000e+00;    0.000000000e+00;    0.000000000e+00
      418750000;    2.718071043e-01;   -2.242494226e-01;   -3.979689609e-07;   -7.873649156e-05;    0.000000000e+00;    0.000000000e+00;    0.000000000e+00;    0.000000000e+00
      419875000;    2.765584886e-01;   -2.294994891e-01;   -1.782654581e-04;    2.784436219e-06;    0.000000000e+00;    0.000000000e+00;    0.000000000e+00;    0.000000000e+00
      421000000;    2.814883292e-01;   -2.353616506e-01;   -4.760806769e-05;   -2.727342944e-04;    0.000000000e+00;    0.000000000e+00;    0.000000000e+00;    0.000000000e+00
      422125000;    2.853109837e-01;   -2.384036481e-01;    1.585380815e-04;   -2.227995865e-04;    0.000000000e+00;    0.000000000e+00;    0.000000000e+00;    0.000000000e+00
      423250000;    2.908320725e-01;   -2.410189658e-01;    3.436931365e-06;   -2.073941723e-04;    0.000000000e+00;    0.000000000e+00;    0.000000000e+00;    0.000000000e+00
      424375000;    2.967014015e-01;   -2.434417456e-01;   -3.470334923e-04;   -2.128829074e-04;    0.000000000e+00;    0.000000000e+00;    0.000000000e+00;    0.000000000e+00
      425500000;    3.026222289e-01;   -2.460964024e-01;    1.397473534e-04;   -1.172946795e-04;    0.000000000e+00;    0.000000000e+00;    0.000000000e+00;    0.000000000e+00
      426625000;    3.104434609e-01;   -2.483773828e-01;    5.859100202e-05;   -2.409843728e-04;    0.000000000e+00;    0.000000000e+00;    0.000000000e+00;    0.000000000e+00
      427750000;    3.173822165e-01;   -2.523345649e-01;    1.472810618e-05;   -9.593946015e-05;    0.000000000e+00;    0.000000000e+00;    0.000000000e+00;    0.000000000e+00
      428875000;    3.266625106e-01;   -2.559022307e-01;    9.940411837e-05;   -2.088420879e-04;    0.000000000e+00;    0.000000000e+00;    0.000000000e+00;    0.000000000e+00
      430000000;    3.359664977e-01;   -2.616145611e-01;    5.531081842e-05;    1.295494294e-04;    0.000000000e+00;    0.000000000e+00;    0.000000000e+00;    0.000000000e+00
      431125000;    3.445433974e-01;   -2.681840658e-01;   -2.292887802e-05;   -1.367874356e-04;    0.000000000e+00;    0.000000000e+00;    0.000000000e+00;    0.000000000e+00
      432250000;    3.527138531e-01;   -2.766151726e-01;    3.500618050e-06;   -2.606981252e-05;    0.000000000e+00;    0.000000000e+00;    0.000000000e+00;    0.000000000e+00
      433375000;    3.585450947e-01;   -2.853549123e-01;    9.586451051e-05;    1.051310246e-04;    0.000000000e+00;    0.000000000e+00;    0.000000000e+00;    0.000000000e+00
      434500000;    3.627837598e-01;   -2.948198617e-01;    4.065964822e-05;   -6.185313396e-05;    0.000000000e+00;    0.000000000e+00;    0.000000000e+00;    0.000000000e+00
      435625000;    3.659269214e-01;   -3.036094606e-01;    4.965224434e-05;   -8.141832950e-05;    0.000000000e+00;    0.000000000e+00;    0.000000000e+00;    0.000000000e+00
      436750000;    3.673710823e-01;   -3.115990460e-01;   -6.186762766e-05;   -7.304094470e-05;    0.000000000e+00;    0.000000000e+00;    0.000000000e+00;    0.000000000e+00
      437875000;    3.684178889e-01;   -3.172065914e-01;   -1.173416240e-04;   -2.278623870e-04;    0.000000000e+00;    0.000000000e+00;    0.000000000e+00;    0.000000000e+00
      439000000;    3.695977926e-01;   -3.221548200e-01;   -1.391078113e-04;   -6.979602040e-05;    0.000000000e+00;    0.000000000e+00;    0.000000000e+00;    0.000000000e+00
      440125000;    3.722023964e-01;   -3.259579241e-01;    7.287442713e-05;   -7.497252955e-05;    0.000000000e+00;    0.000000000e+00;    0.000000000e+00;    0.000000000e+00
      441250000;    3.760296404e-01;   -3.292391598e-01;   -1.079474241e-04;   -5.985709868e-05;    0.000000000e+00;    0.000000000e+00;    0.000000000e+00;    0.000000000e+00
      442375000;    3.797948658e-01;   -3.328288794e-01;    3.728477895e-05;   -1.007282117e-04;    0.000000000e+00;    0.000000000e+00;    0.000000000e+00;    0.000000000e+00
      443500000;    3.844990134e-01;   -3.376208544e-01;   -3.683927844e-06;    2.683490948e-06;    0.000000000e+00;    0.000000000e+00;    0.000000000e+00;    0.000000000e+00
      444625000;    3.907015622e-01;   -3.426229656e-01;    9.549505921e-05;   -1.582043915e-04;    0.000000000e+00;    0.000000000e+00;    0.000000000e+00;    0.000000000e+00
      445750000;    3.969360590e-01;   -3.487861156e-01;    6.090562238e-06;   -1.588929590e-04;    0.000000000e+00;    0.000000000e+00;    0.000000000e+00;    0.000000000e+00
      446875000;    4.014221132e-01;   -3.554093242e-01;   -4.751508095e-05;   -9.524263442e-05;    0.000000000e+00;    0.000000000e+00;    0.000000000e+00;    0.000000000e+00
      448000000;    4.068196416e-01;   -3.626333475e-01;    2.320870408e-04;   -2.258990135e-04;    0.000000000e+00;    0.000000000e+00;    0.000000000e+00;    0.000000000e+00
      449125000;    4.105809629e-01;   -3.699491322e-01;    2.993322778e-05;   -1.325357007e-04;    0.000000000e+00;    0.000000000e+00;    0.000000000e+00;    0.000000000e+00
      450250000;    4.144405425e-01;   -3.758737743e-01;   -1.213766154e-05;   -2.668043635e-05;    0.000000000e+00;    0.000000000e+00;    0.000000000e+00;    0.000000000e+00
      451375000;    4.176620245e-01;   -3.836083114e-01;    1.712370431e-04;   -1.375484280e-04;    0.000000000e+00;    0.000000000e+00;    0.000000000e+00;    0.000000000e+00
      452500000;    4.217289984e-01;   -3.905560970e-01;    5.126989345e-05;    8.239389717e-05;    0.000000000e+00;    0.000000000e+00;    0.000000000e+00;    0.000000000e+00
      453625000;    4.246869981e-01;   -3.968966901e-01;    8.545751916e-05;   -6.539929018e-05;    0.000000000e+00;    0.000000000e+00;    0.000000000e+00;    0.000000000e+00
      454750000;    4.285184443e-01;   -4.031905830e-01;    7.289536006e-05;   -2.584181202e-04;    0.000000000e+00;    0.000000000e+00;    0.000000000e+00;    0.000000000e+00
      455875000;    4.309765100e-01;   -4.107025564e-01;   -9.569882241e-05;   -1.069832215e-04;    0.000000000e+00;    0.000000000e+00;    0.000000000e+00;    0.000000000e+00
      457000000;    4.348109066e-01;   -4.164576232e-01;    2.244204807e-04;   -1.858054165e-04;    0.000000000e+00;    0.000000000e+00;    0.000000000e+00;    0.000000000e+00
      458125000;    4.387227595e-01;   -4.232095480e-01;    1.634983346e-05;   -2.400384983e-04;    0.000000000e+00;    0.000000000e+00;    0.000000000e+00;    0.000000000e+00
      459250000;    4.438610971e-01;   -4.302069545e-01;    1.521495869e-05;   -2.636218851e-04;    0.000000000e+00;    0.000000000e+00;    0.000000000e+00;    0.000000000e+00
      460375000;    4.472925067e-01;   -4.363987446e-01;    1.350616803e-04;   -2.660468745e-04;    0.000000000e+00;    0.000000000e+00;    0.000000000e+00;    0.000000000e+00
      461500000;    4.513367712e-01;   -4.462390840e-01;   -5.015134957e-05;    5.396355846e-06;    0.000000000e+00;    0.000000000e+00;    0.000000000e+00;    0.000000000e+00
      462625000;    4.553668499e-01;   -4.541267455e-01;   -2.452286390e-05;   -5.882922051e-05;    0.000000000e+00;    0.000000000e+00;    0.000000000e+00;    0.000000000e+00
      463750000;    4.590413868e-01;   -4.634020627e-01;    1.732529490e-04;   -5.440716996e-05;    0.000000000e+00;    0.000000000e+00;    0.000000000e+00;    0.000000000e+00
      464875000;    4.616832435e-01;   -4.730860591e-01;    2.252358245e-04;   -3.138033208e-04;    0.000000000e+00;    0.000000000e+00;    0.000000000e+00;    0.000000000e+00
      466000000;    4.639592767e-01;   -4.834468961e-01;    4.662834181e-05;   -9.129326645e-05;    0.000000000e+00;    0.000000000e+00;    0.000000000e+00;    0.000000000e+00
      467125000;    4.652383327e-01;   -4.947615266e-01;    4.952236486e-05;   -2.452756744e-04;    0.000000000e+00;    0.000000000e+00;    0.000000000e+00;    0.000000000e+00
      468250000;    4.648226202e-01;   -5.049977899e-01;   -5.269934991e-05;    1.219289334e-04;    0.000000000e+00;    0.000000000e+00;    0.000000000e+00;    0.000000000e+00
      469375000;    4.640334845e-01;   -5.166515112e-01;    5.813625467e-05;    9.058354772e-05;    0.000000000e+00;    0.000000000e+00;    0.000000000e+00;    0.000000000e+00
      470500000;    4.618889093e-01;   -5.272048712e-01;    1.229767367e-04;   -1.168993840e-04;    0.000000000e+00;    0.000000000e+00;    0.000000000e+00;    0.000000000e+00
      471625000;    4.586727917e-01;   -5.382200480e-01;    9.974656859e-05;    1.866722778e-05;    0.000000000e+00;    0.000000000e+00;    0.000000000e+00;    0.000000000e+00
      472750000;    4.547303617e-01;   -5.474777818e-01;    1.551686873e-04;   -1.444932132e-04;    0.000000000e+00;    0.000000000e+00;    0.000000000e+00;    0.000000000e+00
      473875000;    4.496621788e-01;   -5.562480092e-01;    1.196531084e-04;   -3.416279214e-04;    0.000000000e+00;    0.000000000e+00;    0.000000000e+00;    0.000000000e+00
      475000000;    4.443698823e-01;   -5.638448000e-01;    1.513053430e-04;   -6.068730727e-07;    0.000000000e+00;    0.000000000e+00;    0.000000000e+00;    0.000000000e+00
